State_Name,SL_No,District_Name,TSC_Finance,TSC_IHHL_2011,Census_IHHL_2011
ANDHRA PRADESH,1,ADILABAD,1630.84,206683,65289
ANDHRA PRADESH,2,ANANTAPUR,3015.32,396557,153780
ANDHRA PRADESH,3,CHITTOOR,2166.91,379031,142429
ANDHRA PRADESH,4,CUDDAPAH,2776.26,276143,135062
ANDHRA PRADESH,5,EAST GODAVARI,4651.36,511245,499628
ANDHRA PRADESH,6,GUNTUR,2979.91,304906,408253
ANDHRA PRADESH,7,KARIMNAGAR,3025.84,318861,255524
ANDHRA PRADESH,8,KHAMMAM,1355.21,170462,216183
ANDHRA PRADESH,9,KRISHNA,1704.76,379331,423638
ANDHRA PRADESH,10,KURNOOL,2823.26,424829,174207
ANDHRA PRADESH,11,MAHBUBNAGAR,2670.01,462750,134686
ANDHRA PRADESH,12,MEDAK,1970.92,256425,162523
ANDHRA PRADESH,13,NALGONDA,1296.18,297167,230023
ANDHRA PRADESH,14,NELLORE,1073.08,158238,144760
ANDHRA PRADESH,15,NIZAMABAD,1390.78,283778,136076
ANDHRA PRADESH,16,PRAKASAM,1590.34,309845,193809
ANDHRA PRADESH,17,RANGAREDDI,2574.05,221659,153274
ANDHRA PRADESH,18,SRIKAKULAM,1005.2,186449,74367
ANDHRA PRADESH,19,VISAKHAPATNAM,3500.42,194325,124676
ANDHRA PRADESH,20,VIZIANAGARAM,1572.24,325282,50645
ANDHRA PRADESH,21,WARANGAL,1040.83,705182,193970
ANDHRA PRADESH,22,WEST GODAVARI,6840.38,555212,512818
ARUNACHAL PRADESH,1,ANJAW,17.47,630,1123
ARUNACHAL PRADESH,2,CHANGLANG,160.83,4807,15970
ARUNACHAL PRADESH,3,DIBANG VALLEY,29.37,854,839
ARUNACHAL PRADESH,4,EAST KAMENG,67.34,4092,2442
ARUNACHAL PRADESH,5,EAST SIANG,66.36,2512,6119
ARUNACHAL PRADESH,6,KURUNG KUMEY,169.5,4668,3627
ARUNACHAL PRADESH,7,LOHIT,100.29,8632,11087
ARUNACHAL PRADESH,8,LOWER DIBANG VALLEY,12.51,2659,4143
ARUNACHAL PRADESH,9,LOWER SUBANSIRI,48.07,3993,8211
ARUNACHAL PRADESH,10,PAPUM PARE,2.64,4045,7413
ARUNACHAL PRADESH,11,TAWANG,57.68,3616,5480
ARUNACHAL PRADESH,12,TIRAP,64.2,2572,13235
ARUNACHAL PRADESH,13,UPPER SIANG,34.38,2020,3183
ARUNACHAL PRADESH,14,UPPER SUBANSIRI,65.27,3663,4455
ARUNACHAL PRADESH,15,WEST KAMENG,95.07,3366,4876
ARUNACHAL PRADESH,16,WEST SIANG,78.79,4594,10936
ASSAM,1,BAGSHA,979.76,63435,72803
ASSAM,2,BARPETA,1772.02,98770,213994
ASSAM,3,BONGAIGAON,55.95,10812,61405
ASSAM,4,CACHAR,1088.08,84204,232066
ASSAM,5,CHIRANG,270.52,13545,21494
ASSAM,6,DARRANG,702.45,28142,83453
ASSAM,7,DHEMAJI,911.13,58685,48003
ASSAM,8,DHUBRI,1166.74,64004,144461
ASSAM,9,DIBRUGARH,1167.47,77532,161992
ASSAM,10,GOALPARA,731.03,53141,104937
ASSAM,11,GOLAGHAT,1167.24,66810,131864
ASSAM,12,HAILAKANDI,688.16,44996,108979
ASSAM,13,JORHAT,372.3,26060,107081
ASSAM,14,KAMRUP,875.48,75798,156599
ASSAM,15,KARBI ANGLONG,170.72,5219,74151
ASSAM,16,KARIMGANJ,710.68,58632,187335
ASSAM,17,KOKRAJHAR,910.11,74990,41904
ASSAM,18,LAKHIMPUR,1267.95,62261,97627
ASSAM,19,MARIGAON,997.02,90394,96614
ASSAM,20,NAGAON,1902.37,71241,345629
ASSAM,21,NALBARI,769.52,68377,87643
ASSAM,22,NORTH CACHAR HILLS,80.97,5398,16843
ASSAM,23,SIBSAGAR,750.55,50510,158805
ASSAM,24,SONITPUR,1284.29,69942,190422
ASSAM,25,TINSUKIA,566.43,50228,162008
ASSAM,26,UDALGURI,730.69,33528,66168
BIHAR,1,ARARIA,424.57,39654,35259
BIHAR,2,ARWAL,294.81,18620,24653
BIHAR,3,AURANGABAD,786.72,38748,60345
BIHAR,4,BANKA,567.62,38462,40569
BIHAR,5,BEGUSARAI,1834,138075,124302
BIHAR,6,BHAGALPUR,1272.45,66694,115122
BIHAR,7,BHOJPUR,970.43,86474,73342
BIHAR,8,BUXAR,523.26,63308,47387
BIHAR,9,DARBHANGA,1785.53,81898,153287
BIHAR,10,GAYA,1504.08,93352,99305
BIHAR,11,GOPALGANJ,768.9,50041,71559
BIHAR,12,JAMUI,442.55,28513,33712
BIHAR,13,JEHANABAD,314.44,21162,35536
BIHAR,14,KAIMUR(BHABUA),386.03,32569,34049
BIHAR,15,KATIHAR,2615.87,157731,71443
BIHAR,16,KHAGARIA,709.52,47540,67785
BIHAR,17,KISHANGANJ,866.44,54473,18752
BIHAR,18,LAKHISARAI,613.56,29510,37717
BIHAR,19,MADHEPURA,1025.42,65493,43560
BIHAR,20,MADHUBANI,1090.26,72401,150357
BIHAR,21,MUNGER,329.97,20126,50489
BIHAR,22,MUZAFFARPUR,4488.15,317756,188473
BIHAR,23,NALANDA,917.95,57774,93939
BIHAR,24,NAWADA,713.65,49259,54368
BIHAR,25,PASHCHIM CHAMPARAN,1157.43,87403,73088
BIHAR,26,PATNA,1825.44,162225,150106
BIHAR,27,PURBA CHAMPARAN,1468.86,78761,141111
BIHAR,28,PURNIA,1783.83,97793,49871
BIHAR,29,SAHARSA,971.06,67829,42377
BIHAR,30,SAMASTIPUR,1671.82,84596,139638
BIHAR,31,SARAN,1780.91,126015,104571
BIHAR,32,SASARAM(ROHTAS),1452.14,128006,81750
BIHAR,33,SHEIKHPURA,375.61,20159,21004
BIHAR,34,SHEOHAR,379.2,23009,28267
BIHAR,35,SITAMARHI,627.34,29868,130062
BIHAR,36,SIWAN,1524.65,75428,104557
BIHAR,37,SUPAUL,480.44,31229,38213
BIHAR,38,VAISHALI,2229.51,227949,148682
CHHATTISGARH,1,BASTAR(JAGDALPUR),652.92,112344,37885
CHHATTISGARH,2,BILASPUR,2702.79,209666,79176
CHHATTISGARH,3,DANTEWADA,813.54,44525,7862
CHHATTISGARH,4,DHAMTARI,490.38,72519,33041
CHHATTISGARH,5,DURG,1080.71,148586,59341
CHHATTISGARH,6,JANJGIR - CHAMPA,722.13,129126,36385
CHHATTISGARH,7,JASHPUR,1137.68,92035,20600
CHHATTISGARH,8,KANKER,827.46,67300,20931
CHHATTISGARH,9,KAWARDHA(KABIRDHAM),584.73,60414,14300
CHHATTISGARH,10,KORBA,767.68,110350,21460
CHHATTISGARH,11,KORIYA,550.75,45614,9179
CHHATTISGARH,12,MAHASAMUND,867.22,91483,34892
CHHATTISGARH,13,RAIGARH,1608.86,90851,40112
CHHATTISGARH,14,RAIPUR,1938.21,202970,72634
CHHATTISGARH,15,RAJNANDGAON,1044.12,141364,47612
CHHATTISGARH,16,SURGUJA,2284.47,207546,101581
D & N HAVELI,1,DADRA AND NAGAR HAVELI,0.22,37,9389
GOA,1,NORTH GOA,212.2,15000,49092
GOA,2,SOUTH GOA,0,19553,39331
GUJARAT,1,AHMEDABAD,1117.13,181452,75235
GUJARAT,2,AMRELI,430.46,112397,114124
GUJARAT,3,ANAND,663.83,131540,122559
GUJARAT,4,BANAS KANTHA,1693.49,293660,82201
GUJARAT,5,BHARUCH,1116.1,127613,99410
GUJARAT,6,BHAVNAGAR,381.1,95443,97517
GUJARAT,7,DAHOD,1801.61,169405,18141
GUJARAT,8,DANGS,430.14,38720,11074
GUJARAT,9,GANDHINAGAR,53.62,54784,68724
GUJARAT,10,JAMNAGAR,683.41,140609,80204
GUJARAT,11,JUNAGADH,474.66,157604,159716
GUJARAT,12,KACHCHH,270.17,108599,140634
GUJARAT,13,KHEDA,1153.35,267373,90966
GUJARAT,14,MAHESANA,389.29,237593,141139
GUJARAT,15,NARMADA,974.72,62612,17483
GUJARAT,16,NAVSARI,1241.84,150552,90542
GUJARAT,17,PANCH MAHALS,3067.26,254455,64384
GUJARAT,18,PATAN,699.65,143814,75691
GUJARAT,19,PORBANDAR,224.14,51086,24880
GUJARAT,20,RAJKOT,709.39,177048,137949
GUJARAT,21,SABAR KANTHA,1661.39,305735,125630
GUJARAT,22,SURAT,2681.74,276929,168108
GUJARAT,23,SURENDRANAGAR,761.76,172528,50371
GUJARAT,24,VADODARA,1248.11,227002,119555
GUJARAT,25,VALSAD,1093.1,166250,59386
HARYANA,1,AMBALA,563.62,76691,57554
HARYANA,2,BHIWANI,191.9,123617,120948
HARYANA,3,FARIDABAD,132.22,89900,35332
HARYANA,4,FATEHABAD,395.7,72786,102915
HARYANA,5,GURGAON,146.15,64954,98619
HARYANA,6,HISAR,812.89,148201,138093
HARYANA,7,JHAJJAR,226.56,91238,78550
HARYANA,8,JIND,815.13,147915,96049
HARYANA,9,KAITHAL,635.31,100111,89039
HARYANA,10,KARNAL,387.99,158455,133025
HARYANA,11,KURUKSHETRA,415.51,85640,87171
HARYANA,12,MAHENDRAGARH,224.14,97500,56620
HARYANA,13,MEWAT,262.06,52935,24448
HARYANA,14,PANCHKULA,92.61,24968,18786
HARYANA,15,PANIPAT,276.99,67300,76682
HARYANA,16,REWARI,266.54,88168,62816
HARYANA,17,ROHTAK,121.96,98365,67496
HARYANA,18,SIRSA,412.7,63511,156480
HARYANA,19,SONIPAT,98.43,164608,101337
HARYANA,20,YAMUNANAGAR,448.75,98725,61199
HIMACHAL PRADESH,1,BILASPUR,51.52,50669,51401
HIMACHAL PRADESH,2,CHAMBA,65.31,98608,46120
HIMACHAL PRADESH,3,HAMIRPUR,170.13,54537,87232
HIMACHAL PRADESH,4,KANGRA,38.24,304995,203806
HIMACHAL PRADESH,5,KINNAUR,0,14068,13521
HIMACHAL PRADESH,6,KULLU,150.01,54486,45826
HIMACHAL PRADESH,7,LAHAUL & SPITI,0,5374,5232
HIMACHAL PRADESH,8,MANDI,448.39,152204,167323
HIMACHAL PRADESH,9,SHIMLA,245.74,76557,78262
HIMACHAL PRADESH,10,SIRMAUR,255.63,83302,47975
HIMACHAL PRADESH,11,SOLAN,0,49088,67131
HIMACHAL PRADESH,12,UNA,0,51401,58716
JAMMU & KASHMIR,1,ANANTNAG,570.35,64771,55613
JAMMU & KASHMIR,2,BANDIPORA,0,0,33382
JAMMU & KASHMIR,3,BARAMULLA,558.56,36644,89048
JAMMU & KASHMIR,4,BUDGAM,298.03,19998,71734
JAMMU & KASHMIR,5,DODA,399.87,37212,17417
JAMMU & KASHMIR,6,JAMMU,190.3,34640,38369
JAMMU & KASHMIR,7,KARGIL,19.38,2155,14949
JAMMU & KASHMIR,8,KATHUA,68.97,31842,14258
JAMMU & KASHMIR,9,KISHTWAR,0,0,8380
JAMMU & KASHMIR,10,KULGAM,0,0,23508
JAMMU & KASHMIR,11,KUPWARA,387.39,28580,47288
JAMMU & KASHMIR,12,LEH (LADAKH),50.96,3345,12851
JAMMU & KASHMIR,13,POONCH,246.37,24650,11158
JAMMU & KASHMIR,14,PULWAMA,88.11,17514,44562
JAMMU & KASHMIR,15,RAJAURI,75.35,20616,11950
JAMMU & KASHMIR,16,RAMBAN,7.25,0,9284
JAMMU & KASHMIR,17,REASI,0,0,4492
JAMMU & KASHMIR,18,SAMBA,0,0,13844
JAMMU & KASHMIR,19,SHOPIAN,0,0,23296
JAMMU & KASHMIR,20,SRINAGAR,82.5,12513,27831
JAMMU & KASHMIR,21,UDHAMPUR,161,19730,5710
JHARKHAND,1,BOKARO,377.98,38163,13525
JHARKHAND,2,CHATRA,384.61,33204,11286
JHARKHAND,3,DEOGHAR,875.11,95451,11752
JHARKHAND,4,DHANBAD,395.65,59284,25325
JHARKHAND,5,DUMKA,2199.04,136631,15965
JHARKHAND,6,GARHWA,1065.36,61074,11897
JHARKHAND,7,GIRIDIH,518.22,69706,20703
JHARKHAND,8,GODDA,569.65,51408,18870
JHARKHAND,9,GUMLA,639.58,61154,11274
JHARKHAND,10,HAZARIBAGH,1173.21,106958,23515
JHARKHAND,11,JAMTARA,437.63,42919,5964
JHARKHAND,12,KHUNTI,128.74,11553,3789
JHARKHAND,13,KODERMA,221,21128,6817
JHARKHAND,14,LATEHAR,744.53,50110,8858
JHARKHAND,15,LOHARDAGA,312.34,37794,5849
JHARKHAND,16,PAKUR,834.16,68723,12244
JHARKHAND,17,PALAMU,1124.54,74341,23502
JHARKHAND,18,PASCHIM SINGHBHUM,843.64,80802,9501
JHARKHAND,19,PURBI SINGHBHUM,904.81,146117,29437
JHARKHAND,20,RAMGARH,313.48,16442,10752
JHARKHAND,21,RANCHI,2211.41,134312,42680
JHARKHAND,22,SAHIBGANJ,1258.02,72479,17774
JHARKHAND,23,SERAIKELA KHARSAWAN,597.24,47807,10697
JHARKHAND,24,SIMDEGA,171.8,19092,5313
KARNATAKA,1,BAGALKOT,700.32,192975,17187
KARNATAKA,2,BANGALORE RURAL,1956.61,152207,122643
KARNATAKA,3,BANGALORE URBAN,291.82,58829,155366
KARNATAKA,4,BELGAUM,1237.81,379776,131009
KARNATAKA,5,BELLARY,608.67,86251,35296
KARNATAKA,6,BIDAR,313.04,80769,20983
KARNATAKA,7,BIJAPUR,414.41,62170,15516
KARNATAKA,8,CHAMARAJANAGAR,900.48,75406,31279
KARNATAKA,9,CHICKMAGALUR,727.7,138900,116556
KARNATAKA,10,CHIKBALLAPUR,170,83519,50677
KARNATAKA,11,CHITRADURGA,1004.85,104647,53839
KARNATAKA,12,DAVANGERE,604.4,150249,81363
KARNATAKA,13,DHARWAD,444.13,90281,36449
KARNATAKA,14,GADAG,406.15,54739,12732
KARNATAKA,15,GULBARGA,1143.83,196645,20849
KARNATAKA,16,HASSAN,906.6,246625,90891
KARNATAKA,17,HAVERI,852.67,75070,71774
KARNATAKA,18,KODAGU,478.27,52682,93421
KARNATAKA,19,KOLAR,706.22,118668,57664
KARNATAKA,20,KOPPAL,476.7,114562,25565
KARNATAKA,21,MANDYA,1210.24,224890,97526
KARNATAKA,22,MANGALORE(DAKSHINA KANNADA),808.57,95010,194578
KARNATAKA,23,MYSORE,1514.4,190074,108475
KARNATAKA,24,RAICHUR,244.97,48544,26397
KARNATAKA,25,RAMANAGARA,158,51828,56142
KARNATAKA,26,SHIMOGA,1446.82,145798,158828
KARNATAKA,27,TUMKUR,1109,193919,90868
KARNATAKA,28,UDUPI,879.5,86634,145909
KARNATAKA,29,UTTAR KANNADA,1290.91,173038,114752
KERALA,1,ALAPPUZHA,1971.11,118859,223557
KERALA,2,ERNAKULAM,1019.73,72135,248348
KERALA,3,IDUKKI,1168.88,100358,234641
KERALA,4,KANNUR,492.16,55897,191409
KERALA,5,KASARGOD,870.7,80265,147447
KERALA,6,KOLLAM,729.8,102420,347521
KERALA,7,KOTTAYAM,542.79,29958,328926
KERALA,8,KOZHIKODE,649.9,44425,225213
KERALA,9,MALAPPURAM,388.18,69755,422205
KERALA,10,PALAKKAD,1050.82,131442,419962
KERALA,11,PATHANAMTHITTA,606.13,54999,267280
KERALA,12,THIRUVANANTHAPURAM,1314.67,146844,358783
KERALA,13,THRISSUR,903.35,58068,239266
KERALA,14,WAYANAD,715.76,53136,163769
MADHYA PRADESH,1,ALIRAJPUR,155.4,87209,6023
MADHYA PRADESH,2,ANUPPUR,72.29,95542,5582
MADHYA PRADESH,3,ASHOKNAGAR,129.75,41894,9963
MADHYA PRADESH,4,BALAGHAT,1578.15,201374,40004
MADHYA PRADESH,5,BARWANI,1472.24,113675,21212
MADHYA PRADESH,6,BETUL,417.8,93737,33773
MADHYA PRADESH,7,BHIND,199.61,35600,21232
MADHYA PRADESH,8,BHOPAL,233.95,44806,19583
MADHYA PRADESH,9,BURHANPUR,626.47,57468,17879
MADHYA PRADESH,10,CHHATARPUR,998.81,74104,15576
MADHYA PRADESH,11,CHHINDWARA,866.86,137902,40577
MADHYA PRADESH,12,DAMOH,641.76,66281,14815
MADHYA PRADESH,13,DATIA,164.44,40645,14344
MADHYA PRADESH,14,DEWAS,783.17,129582,47987
MADHYA PRADESH,15,DHAR,2225.14,222236,65132
MADHYA PRADESH,16,DINDORI,742.52,74662,5965
MADHYA PRADESH,17,GUNA,603.74,73868,13556
MADHYA PRADESH,18,GWALIOR,679.58,94037,24871
MADHYA PRADESH,19,HARDA,394.57,60504,33883
MADHYA PRADESH,20,HOSHANGABAD,805.13,134537,58949
MADHYA PRADESH,21,INDORE,648,137310,63603
MADHYA PRADESH,22,JABALPUR,1711.25,176146,63162
MADHYA PRADESH,23,JHABUA,1047.88,158549,11030
MADHYA PRADESH,24,KATNI,762.63,92382,20108
MADHYA PRADESH,25,KHANDWA(EAST NIMAR),1016.52,140238,37613
MADHYA PRADESH,26,KHARGONE,1392.39,198027,40236
MADHYA PRADESH,27,MANDLA,842.78,83420,14796
MADHYA PRADESH,28,MANDSAUR,894.32,154430,30478
MADHYA PRADESH,29,MORENA,524.19,115837,19249
MADHYA PRADESH,30,NARSINGHPUR,900.03,101426,56433
MADHYA PRADESH,31,NEEMUCH,433.38,104707,17121
MADHYA PRADESH,32,PANNA,814.86,86376,10556
MADHYA PRADESH,33,RAISEN,776.7,142403,39752
MADHYA PRADESH,34,RAJGARH,1752.74,154396,22696
MADHYA PRADESH,35,RATLAM,1067.31,127811,28302
MADHYA PRADESH,36,REWA,3032.83,218792,83018
MADHYA PRADESH,37,SAGAR,1658.02,178019,42181
MADHYA PRADESH,38,SATNA,2442.93,230490,89208
MADHYA PRADESH,39,SEHORE,652.02,90169,44898
MADHYA PRADESH,40,SEONI,1357.15,155661,42174
MADHYA PRADESH,41,SHAHDOL,1063.65,140222,15485
MADHYA PRADESH,42,SHAJAPUR,775.71,131416,32561
MADHYA PRADESH,43,SHEOPUR,376.08,49626,7203
MADHYA PRADESH,44,SHIVPURI,476.11,104516,17084
MADHYA PRADESH,45,SIDHI,631.88,88285,9083
MADHYA PRADESH,46,SINGRAULI,370,64858,4184
MADHYA PRADESH,47,TIKAMGARH,812.68,65298,9966
MADHYA PRADESH,48,UJJAIN,1060.63,152426,42368
MADHYA PRADESH,49,UMARIA,596.13,62053,7093
MADHYA PRADESH,50,VIDISHA,884.79,105195,26654
MAHARASHTRA,1,AHMEDNAGAR,1038.39,415721,280537
MAHARASHTRA,2,AKOLA,459.89,98457,76633
MAHARASHTRA,3,AMRAVATI,1102.23,143174,174645
MAHARASHTRA,4,AURANGABAD,999.94,158812,82852
MAHARASHTRA,5,BEED,849.83,139064,68597
MAHARASHTRA,6,BHANDARA,1121.49,141857,124493
MAHARASHTRA,7,BULDHANA,1174.69,118814,129428
MAHARASHTRA,8,CHANDRAPUR,1336,157970,102534
MAHARASHTRA,9,DHULE,409.59,149728,55870
MAHARASHTRA,10,GADCHIROLI,682.29,109158,48581
MAHARASHTRA,11,GONDIA,1130.25,164573,114972
MAHARASHTRA,12,HINGOLI,627.81,127755,52497
MAHARASHTRA,13,JALGAON,1118.77,256941,139685
MAHARASHTRA,14,JALNA,716.24,192553,93044
MAHARASHTRA,15,KOLHAPUR,480.73,383429,414284
MAHARASHTRA,16,LATUR,271.71,106285,89416
MAHARASHTRA,17,NAGPUR,912.9,179189,149493
MAHARASHTRA,18,NANDED,1560.79,126620,93762
MAHARASHTRA,19,NANDURBAR,1164.78,83506,60391
MAHARASHTRA,20,NASHIK,1539.51,306474,193783
MAHARASHTRA,21,OSMANABAD,402.75,122321,65408
MAHARASHTRA,22,PARBHANI,282.63,93115,34136
MAHARASHTRA,23,PUNE,1148.83,369347,459543
MAHARASHTRA,24,RAIGAD,1311.23,283606,191750
MAHARASHTRA,25,RATNAGIRI,992.1,247559,224155
MAHARASHTRA,26,SANGLI,576.99,197163,261623
MAHARASHTRA,27,SATARA,868.22,371026,363338
MAHARASHTRA,28,SINDHUDURG,584.9,117333,134314
MAHARASHTRA,29,SOLAPUR,878.27,351084,187414
MAHARASHTRA,30,THANE,2850.5,499792,208969
MAHARASHTRA,31,WARDHA,756.19,102601,99199
MAHARASHTRA,32,WASHIM,395.64,76344,59916
MAHARASHTRA,33,YAVATMAL,759.65,161353,111592
MANIPUR,1,BISHNUPUR,148.45,8507,25640
MANIPUR,2,CHANDEL,31.2,6000,19929
MANIPUR,3,CHURACHANDPUR,151.74,9317,38408
MANIPUR,4,IMPHAL EAST,124.4,6668,49105
MANIPUR,5,IMPHAL WEST,97.94,8050,38200
MANIPUR,6,SENAPATI,92.1,11897,28503
MANIPUR,7,TAMENGLONG,50.35,6505,13990
MANIPUR,8,THOUBAL,207.82,9172,50106
MANIPUR,9,UKHRUL,29.91,9189,24832
MEGHALAYA,1,EAST GARO HILLS,414.88,26250,39362
MEGHALAYA,2,EAST KHASI HILLS,861.56,50383,37535
MEGHALAYA,3,JAINTIA HILLS,154.33,12697,26002
MEGHALAYA,4,RI BHOI,211.76,19017,26883
MEGHALAYA,5,SOUTH GARO HILLS,96.91,4592,13842
MEGHALAYA,6,WEST GARO HILLS,573.88,43445,60807
MEGHALAYA,7,WEST KHASI HILLS,202.65,10264,23056
MIZORAM,1,AIZAWL,111.43,10206,16708
MIZORAM,2,CHAMPHAI,69.57,5956,14815
MIZORAM,3,KOLASIB,67.89,6366,7332
MIZORAM,4,LAWNGTLAI,160.58,14170,11518
MIZORAM,5,LUNGLEI,240.12,20889,15092
MIZORAM,6,MAMIT,62.39,6221,11668
MIZORAM,7,SAIHA,99.75,5567,5483
MIZORAM,8,SERCHHIP,65.59,7165,6082
NAGALAND,1,DIMAPUR,191.31,10815,33004
NAGALAND,2,KIPHIRE,0,0,4911
NAGALAND,3,KOHIMA,273.97,20782,13779
NAGALAND,4,LONGLENG,0,0,6826
NAGALAND,5,MOKOKCHUNG,127.58,9106,28908
NAGALAND,6,MON,132.3,6825,22444
NAGALAND,7,PEREN,120.18,5080,12226
NAGALAND,8,PHEK,256.12,11625,24807
NAGALAND,9,TUENSANG,100.66,4738,16043
NAGALAND,10,WOKHA,57.97,3806,16075
NAGALAND,11,ZUNHEBOTO,278.05,8860,18200
ORISSA,1,ANGUL,635.8,90057,41774
ORISSA,2,BALANGIR,1550.71,133539,39149
ORISSA,3,BALESWAR,1464.52,322708,107566
ORISSA,4,BARGARH,1529.69,154186,41802
ORISSA,5,BHADRAK,639.7,115901,43944
ORISSA,6,BOUDH,473.18,35893,9283
ORISSA,7,CUTTACK,1683,185335,95094
ORISSA,8,DEBAGARH,200.99,34256,4186
ORISSA,9,DHENKANAL,668.55,90006,35980
ORISSA,10,GAJAPATI,518.34,35633,14279
ORISSA,11,GANJAM,1870.27,260842,114865
ORISSA,12,JAGATSINGHAPUR,806.2,149481,52480
ORISSA,13,JAJAPUR,933.25,175810,75193
ORISSA,14,JHARSUGUDA,227.32,33992,7852
ORISSA,15,KALAHANDI,903.39,147660,31078
ORISSA,16,KANDHAMAL,394.96,37194,9751
ORISSA,17,KENDRAPARA,910.86,126228,49170
ORISSA,18,KENDUJHAR,786.74,87373,32526
ORISSA,19,KHORDHA,816.91,129505,45385
ORISSA,20,KORAPUT,1040.61,96157,23180
ORISSA,21,MALKANGIRI,636.21,75476,7528
ORISSA,22,MAYURBHANJ,2307.24,270425,81889
ORISSA,23,NABARANGAPUR,474.8,77332,14740
ORISSA,24,NAYAGARH,939.85,95018,33917
ORISSA,25,NUAPADA,570.06,44166,19333
ORISSA,26,PURI,1285.55,117087,49504
ORISSA,27,RAYAGADA,476.36,68015,12703
ORISSA,28,SAMBALPUR,430.64,63990,15326
ORISSA,29,SONEPUR,439.15,56684,11074
ORISSA,30,SUNDARGARH,1235.06,162819,26001
PUDUCHERRY,1,PONDICHERRY,34.43,2268,95133
PUNJAB,1,AMRITSAR,0,82439,129269
PUNJAB,2,BARNALA,0,24000,60002
PUNJAB,3,BATHINDA,50,19602,144022
PUNJAB,4,FARIDKOT,0,387,61057
PUNJAB,5,FATEHGARH SAHIB,0,9896,64123
PUNJAB,6,FEROZEPUR,123.19,12358,180933
PUNJAB,7,GURDASPUR,2.86,9623,155114
PUNJAB,8,HOSHIARPUR,0,226937,147357
PUNJAB,9,JALANDHAR,0,52790,162223
PUNJAB,10,KAPURTHALA,0,11270,82685
PUNJAB,11,LUDHIANA,0,49086,243564
PUNJAB,12,MANSA,47.23,64004,72554
PUNJAB,13,MOGA,0,1200,124316
PUNJAB,14,MUKTSAR,75.58,14991,88889
PUNJAB,15,NAWANSHAHR,0,24500,68308
PUNJAB,16,PATIALA,0.35,21320,162148
PUNJAB,17,RUPNAGAR,0,30210,54595
PUNJAB,18,S.A.S NAGAR,0,6693,50179
PUNJAB,19,SANGRUR,29.77,31626,169182
PUNJAB,20,TARN TARAN,0,42000,113465
RAJASTHAN,1,AJMER,207.71,84026,41519
RAJASTHAN,2,ALWAR,246.37,234376,74848
RAJASTHAN,3,BANSWARA,244.29,60344,23384
RAJASTHAN,4,BARAN,125.69,77808,14343
RAJASTHAN,5,BARMER,716.02,116334,40307
RAJASTHAN,6,BHARATPUR,57.51,35828,26485
RAJASTHAN,7,BHILWARA,1107.68,176315,41489
RAJASTHAN,8,BIKANER,424.02,111103,71545
RAJASTHAN,9,BUNDI,214.95,85031,14773
RAJASTHAN,10,CHITTORGARH,35.92,118520,25697
RAJASTHAN,11,CHURU,287.82,93285,119892
RAJASTHAN,12,DAUSA,132.86,113775,23695
RAJASTHAN,13,DHOLPUR,111.95,63275,7679
RAJASTHAN,14,DUNGARPUR,448.77,97687,24214
RAJASTHAN,15,GANGANAGAR,131.17,128419,219300
RAJASTHAN,16,HANUMANGARH,165.89,52469,215127
RAJASTHAN,17,JAIPUR,106.86,196020,110520
RAJASTHAN,18,JAISALMER,205.21,41753,16401
RAJASTHAN,19,JALOR,143.5,63703,34269
RAJASTHAN,20,JHALAWAR,265.99,42382,17062
RAJASTHAN,21,JHUNJHUNU,15.07,159480,137908
RAJASTHAN,22,JODHPUR,275.68,206279,56566
RAJASTHAN,23,KARAULI,373.5,69861,18392
RAJASTHAN,24,KOTA,137.73,45069,18290
RAJASTHAN,25,NAGAUR,78,238957,128123
RAJASTHAN,26,PALI,81.5,154215,64035
RAJASTHAN,27,RAJSAMAND,299.73,97125,23612
RAJASTHAN,28,SAWAI MADHOPUR,222.23,57247,18225
RAJASTHAN,29,SIKAR,104.09,203170,139420
RAJASTHAN,30,SIROHI,217.98,52034,26145
RAJASTHAN,31,TONK,118.93,43198,14696
RAJASTHAN,32,UDAIPUR,1667.62,189336,56486
SIKKIM,1,EAST SIKKIM,832.95,44852,27643
SIKKIM,2,NORTH SIKKIM,249,6496,5961
SIKKIM,3,SOUTH SIKKIM,316.18,20375,21617
SIKKIM,4,WEST SIKKIM,541.21,22877,22473
TAMIL NADU,1,COIMBATORE,1376.14,318183,78982
TAMIL NADU,2,CUDDALORE,1874.66,288336,84489
TAMIL NADU,3,DHARMAPURI,1577.86,206411,33840
TAMIL NADU,4,DINDIGUL,1067.86,325366,66645
TAMIL NADU,5,ERODE,1773.1,309908,196954
TAMIL NADU,6,KANCHIPURAM,2977.13,270181,103803
TAMIL NADU,7,KANYAKUMARI(NAGERCOIL),1038.43,84065,71816
TAMIL NADU,8,KARUR,1335.67,158059,38855
TAMIL NADU,9,KRISHNAGIRI,1517.64,200111,66210
TAMIL NADU,10,MADURAI,2014.61,203218,65964
TAMIL NADU,11,NAGAPATTINAM,1840.64,172676,100925
TAMIL NADU,12,NAMAKKAL,1488.97,179914,88674
TAMIL NADU,13,NILGIRIS(UDHAGAMANDALAM),132.62,53440,35729
TAMIL NADU,14,PERAMBALUR,1799.4,207679,44374
TAMIL NADU,15,PUDUKKOTTAI,1650.86,214634,55329
TAMIL NADU,16,RAMANATHAPURAM,1375.92,214042,52135
TAMIL NADU,17,SALEM,2588.84,267192,66314
TAMIL NADU,18,SIVAGANGA,1373.27,139692,56697
TAMIL NADU,19,THANJAVUR,1972.39,209006,112661
TAMIL NADU,20,THENI,1012.97,111380,39224
TAMIL NADU,21,THOOTHUKUDI,1221.98,182818,67404
TAMIL NADU,22,TIRUCHIRAPPALLI,1148.85,202579,86190
TAMIL NADU,23,TIRUNELVELI,1326.94,224717,140433
TAMIL NADU,24,TIRUVALLUR,1363.35,197347,92361
TAMIL NADU,25,TIRUVANNAMALAI,2131.25,489619,59505
TAMIL NADU,26,TIRUVARUR,893.27,102454,82723
TAMIL NADU,27,VELLORE,1400.52,394237,103369
TAMIL NADU,28,VILLUPURAM,1927.83,266353,90241
TAMIL NADU,29,VIRUDHUNAGAR,944.43,264345,38947
TRIPURA,1,DHALAI,655.27,80851,48584
TRIPURA,2,NORTH TRIPURA,630.06,86348,99984
TRIPURA,3,SOUTH TRIPURA,1748.32,190596,143409
TRIPURA,4,WEST TRIPURA,1313.55,219803,203076
UTTAR PRADESH,1,AGRA,965.62,292327,61079
UTTAR PRADESH,2,ALIGARH,1672.92,214224,86965
UTTAR PRADESH,3,ALLAHABAD,3926.58,445630,108751
UTTAR PRADESH,4,AMBEDKAR NAGAR,2821.69,232003,44689
UTTAR PRADESH,5,AURAIYA,2701.06,204205,42285
UTTAR PRADESH,6,AZAMGARH,2416.28,364078,102020
UTTAR PRADESH,7,BAGPAT,690.62,91932,95767
UTTAR PRADESH,8,BAHRAICH,4779.77,318295,57667
UTTAR PRADESH,9,BALLIA,3161.86,287551,97249
UTTAR PRADESH,10,BALRAMPUR,1704.45,140182,30347
UTTAR PRADESH,11,BANDA,3151.35,139884,54571
UTTAR PRADESH,12,BARABANKI,4324.21,437592,67681
UTTAR PRADESH,13,BAREILLY,3457.75,286630,213134
UTTAR PRADESH,14,BASTI,2023.23,190561,47032
UTTAR PRADESH,15,BIJNOR,1522.66,279953,240417
UTTAR PRADESH,16,BUDAUN,2773.34,211052,105352
UTTAR PRADESH,17,BULANDSHAHR,484.41,243156,135518
UTTAR PRADESH,18,CHANDAULI,1681.53,173149,48150
UTTAR PRADESH,19,CHITRAKOOT,885.8,95914,17843
UTTAR PRADESH,20,DEORIA,3508.77,297860,71438
UTTAR PRADESH,21,ETAH,1840,168843,22513
UTTAR PRADESH,22,ETAWAH,2149.65,210934,42295
UTTAR PRADESH,23,FAIZABAD,2414.79,180310,52490
UTTAR PRADESH,24,FARRUKHABAD,3270.14,156797,57307
UTTAR PRADESH,25,FATEHPUR,2067.39,195308,76370
UTTAR PRADESH,26,FIROZABAD,390.39,170894,31039
UTTAR PRADESH,27,GAUTAM BUDDHA NAGAR,317.97,64391,56392
UTTAR PRADESH,28,GHAZIABAD,279.87,88874,145152
UTTAR PRADESH,29,GHAZIPUR,2984.34,286150,90595
UTTAR PRADESH,30,GONDA,2312.92,226149,39374
UTTAR PRADESH,31,GORAKHPUR,4560.16,393909,103886
UTTAR PRADESH,32,HAMIRPUR,2251.06,117764,42932
UTTAR PRADESH,33,HARDOI,7182.02,391331,107538
UTTAR PRADESH,34,JALAUN,1426.49,138292,61478
UTTAR PRADESH,35,JAUNPUR,5574.85,543480,95087
UTTAR PRADESH,36,JHANSI,1518.95,91330,44527
UTTAR PRADESH,37,JYOTIBA PHULE NAGAR,1388.17,126736,94465
UTTAR PRADESH,38,KANNAUJ,2326.76,252672,50438
UTTAR PRADESH,39,KANPUR DEHAT,2557.13,203623,68913
UTTAR PRADESH,40,KANPUR NAGAR,1143.35,181029,68800
UTTAR PRADESH,41,KANSHIRAM NAGAR,182,24566,21408
UTTAR PRADESH,42,KAUSHAMBI,2802.38,178110,35156
UTTAR PRADESH,43,KUSHINAGAR,5711.24,362563,78514
UTTAR PRADESH,44,LAKHIMPUR KHERI,2571.95,185701,115451
UTTAR PRADESH,45,LALITPUR,1875.89,121174,22439
UTTAR PRADESH,46,LUCKNOW,2090.44,192789,58835
UTTAR PRADESH,47,MAHAMAYA NAGAR(HATHRAS),584,123329,33902
UTTAR PRADESH,48,MAHARAJGANJ,3774.9,206350,66900
UTTAR PRADESH,49,MAHOBA,980.93,103513,23103
UTTAR PRADESH,50,MAINPURI,1724.17,156462,35295
UTTAR PRADESH,51,MATHURA,433.1,135679,57115
UTTAR PRADESH,52,MAU,2002.11,156297,44291
UTTAR PRADESH,53,MEERUT,715.87,122820,142479
UTTAR PRADESH,54,MIRZAPUR,4872.75,359927,64474
UTTAR PRADESH,55,MORADABAD,1766.19,290313,248974
UTTAR PRADESH,56,MUZAFFARNAGAR,1184.96,205953,263896
UTTAR PRADESH,57,PILIBHIT,2053.63,164397,105704
UTTAR PRADESH,58,PRATAPGARH,3043.92,296510,57279
UTTAR PRADESH,59,RAE BARELI,4719.68,268368,75254
UTTAR PRADESH,60,RAMPUR,1138.72,148674,164453
UTTAR PRADESH,61,SAHARANPUR,1223.45,210752,173416
UTTAR PRADESH,62,SANT KABIR NAGAR,1795.07,183820,29528
UTTAR PRADESH,63,SANT RAVIDAS NAGAR( BHADOHI),1348.55,125639,23763
UTTAR PRADESH,64,SHAHJAHANPUR,2892.25,252928,112907
UTTAR PRADESH,65,SHRAVASTI,2308.74,123949,18685
UTTAR PRADESH,66,SIDDHARTHNAGAR,2997.61,220985,36631
UTTAR PRADESH,67,SITAPUR,6767.69,428532,84856
UTTAR PRADESH,68,SONBHADRA,3878,185925,36667
UTTAR PRADESH,69,SULTANPUR,3611.33,352684,78106
UTTAR PRADESH,70,UNNAO,6491.72,320962,75254
UTTAR PRADESH,71,VARANASI,1839.85,237780,81600
UTTARAKHAND,1,ALMORA,386.36,47608,65214
UTTARAKHAND,2,BAGESHWAR,255.42,26725,29837
UTTARAKHAND,3,CHAMOLI,301.34,39806,34181
UTTARAKHAND,4,CHAMPAWAT,211.66,23687,17916
UTTARAKHAND,5,DEHRADUN,392.01,44592,102175
UTTARAKHAND,6,HARIDWAR,420.02,79548,100292
UTTARAKHAND,7,NAINITAL,205.46,29827,78193
UTTARAKHAND,8,PAURI(GARHWAL),326.02,54886,66160
UTTARAKHAND,9,PITHORAGARH,401.75,49621,45702
UTTARAKHAND,10,RUDRAPRAYAG,171.94,23206,26049
UTTARAKHAND,11,TEHRI GARHWAL,754.99,63592,58644
UTTARAKHAND,12,UDHAM SINGH NAGAR,321.68,60558,110871
UTTARAKHAND,13,UTTARKASHI,213.82,37692,24158
WEST BENGAL,1,BANKURA,2861.21,301166,114190
WEST BENGAL,2,BARDHAMAN,3298.53,787119,490739
WEST BENGAL,3,BIRBHUM,3227.96,361583,133155
WEST BENGAL,4,COOCH BEHAR,791.04,345031,336643
WEST BENGAL,5,DAKSHIN DINAJPUR,861.86,180690,93272
WEST BENGAL,6,DARJEELING,362.36,20682,122530
WEST BENGAL,7,HOOGHLY,2828.9,423551,467152
WEST BENGAL,8,HOWRAH,602.4,355561,233665
WEST BENGAL,9,JALPAIGURI,2468.56,325658,230195
WEST BENGAL,10,MALDA,1824.59,291252,185109
WEST BENGAL,11,MIDNAPUR EAST,1007.85,556438,837779
WEST BENGAL,12,MIDNAPUR WEST,3670.56,787517,464610
WEST BENGAL,13,MURSHIDABAD,4338.75,632079,444813
WEST BENGAL,14,NADIA,2309.05,483199,627523
WEST BENGAL,15,NORTH 24 PARAGANAS,2090.87,505027,780037
WEST BENGAL,16,PURULIA,2289.25,104010,30378
WEST BENGAL,17,SILIGURI,540.22,49872,0
WEST BENGAL,18,SOUTH 24 PARAGANAS,2454.39,630016,710150
WEST BENGAL,19,UTTAR DINAJPUR,893.51,134994,109212